epoch,train_loss,lr,elapsed_s,train_mae_rssi,train_rmse_rssi,train_mae_pl,val_mae_rssi,val_rmse_rssi,val_mae_pl,test_mae_rssi,test_rmse_rssi,test_mae_pl,train_dist_grad,val_dist_grad,test_dist_grad
1,28.6473,0.0009755527298894294,9.5,4.419317722320557,8.768736839294434,99.04167175292969,4.8924102783203125,9.499016761779785,77.4859390258789,3.1092405319213867,7.438047409057617,107.53977966308594,0.2222539186477661,0.3068048059940338,0.26808950304985046
2,21.54,0.0009046039886902864,8.8,3.2626678943634033,7.407276630401611,82.91324615478516,4.662129878997803,9.437344551086426,62.191864013671875,3.160886287689209,7.659814834594727,101.84192657470703,0.2461608499288559,0.3181973695755005,0.256465882062912
3,19.7979,0.0007940987335200904,8.8,3.041187047958374,7.091111183166504,74.6065902709961,4.223412036895752,9.042080879211426,72.83980560302734,2.4821553230285645,6.3208818435668945,105.49369049072266,0.2382851094007492,0.20198771357536316,0.1602175384759903
4,18.9249,0.0006548539886902864,8.6,2.918900728225708,6.915023326873779,70.98716735839844,4.365988254547119,8.903013229370117,62.53551483154297,2.7849771976470947,6.93461275100708,99.13700103759766,0.23360323905944824,0.30966392159461975,0.23820173740386963
5,18.215,0.0005005000000000001,8.6,2.8190791606903076,6.76072359085083,68.6135025024414,4.393227577209473,8.945965766906738,60.06792068481445,2.697089672088623,6.6338958740234375,95.5199966430664,0.2300097942352295,0.2939716875553131,0.21318665146827698
6,17.5984,0.0003461460113097139,8.6,2.736607551574707,6.637214660644531,66.7778549194336,4.341729164123535,9.258685111999512,60.59281921386719,2.7003650665283203,6.8934431076049805,92.72346496582031,0.2279675006866455,0.23062384128570557,0.1572524458169937
7,17.0702,0.00020690126647990973,9.0,2.6714816093444824,6.538421154022217,65.04527282714844,4.19246768951416,8.645109176635742,58.76095962524414,2.5887417793273926,6.576239109039307,89.68962860107422,0.22690576314926147,0.2961753308773041,0.18154361844062805
8,16.6467,9.639601130971382e-05,8.5,2.6217732429504395,6.46086311340332,63.66789245605469,4.316462993621826,8.824588775634766,56.95937728881836,2.7025530338287354,6.824004650115967,91.41752624511719,0.22657178342342377,0.29178500175476074,0.18402226269245148
9,16.3265,2.5447270110570814e-05,8.3,2.583655595779419,6.404059410095215,62.77456283569336,4.260974884033203,8.757225036621094,58.83468246459961,2.6011877059936523,6.6421051025390625,90.1414566040039,0.22601895034313202,0.2899163067340851,0.18545851111412048
10,16.1643,0.001,8.4,2.5655598640441895,6.372504234313965,62.174198150634766,4.218266487121582,8.666399002075195,57.03207778930664,2.6098721027374268,6.568781852722168,89.43085479736328,0.2259039729833603,0.28480517864227295,0.16488763689994812
11,16.8709,0.0009938503261272714,8.7,2.6835052967071533,6.544527530670166,65.04367065429688,4.300115585327148,8.837241172790527,68.03023529052734,2.8114402294158936,6.890936374664307,100.02132415771484,0.2272242158651352,0.26474082469940186,0.18420304358005524
12,16.3752,0.0009755527298894294,8.8,2.6294169425964355,6.47721004486084,64.04781341552734,4.0713210105896,8.693341255187988,63.38123321533203,2.786837577819824,7.115543365478516,96.11532592773438,0.2284081131219864,0.23594404757022858,0.16924935579299927
13,15.9824,0.0009455577588320898,8.6,2.578343391418457,6.414900779724121,63.07539367675781,4.405318260192871,8.914262771606445,52.54090118408203,2.77683687210083,6.812269687652588,76.05431365966797,0.22797591984272003,0.28148943185806274,0.1896132379770279
14,15.5628,0.0009046039886902864,8.8,2.511183023452759,6.3370361328125,61.9544677734375,4.169532299041748,8.748886108398438,63.69948196411133,2.507279396057129,6.265655517578125,90.6436767578125,0.22788387537002563,0.2739230990409851,0.17064733803272247
15,15.2508,0.0008536998372026805,8.5,2.4643094539642334,6.2831130027771,61.23573684692383,4.316035270690918,8.965991973876953,61.14804458618164,2.7120039463043213,6.813681602478027,89.36925506591797,0.22597838938236237,0.25657591223716736,0.16592460870742798
16,14.9561,0.0007940987335200904,8.7,2.4193496704101562,6.22313928604126,60.2264404296875,4.5100812911987305,9.444523811340332,55.86805725097656,2.805773973464966,6.842407703399658,82.7754135131836,0.22542311251163483,0.2634555697441101,0.17369510233402252
17,14.6854,0.0007272682546199037,8.6,2.3812501430511475,6.168024063110352,59.32476806640625,4.315653324127197,9.018224716186523,64.99849700927734,2.8402297496795654,7.046125411987305,96.76036071777344,0.22548739612102509,0.25239297747612,0.164689838886261
18,14.4986,0.0006548539886902864,8.6,2.348590612411499,6.13468074798584,58.92090606689453,4.460247039794922,9.139556884765625,60.392356872558594,2.845404863357544,7.088024616241455,88.74019622802734,0.224442258477211,0.26777082681655884,0.16030889749526978
19,14.2731,0.0005786390152875954,8.9,2.315948724746704,6.0876970291137695,58.115665435791016,4.213303565979004,8.661324501037598,58.93816375732422,2.662830352783203,6.467848777770996,91.98963165283203,0.2238258421421051,0.2933364510536194,0.1658298373222351
20,14.083,0.0005005000000000001,8.6,2.2868752479553223,6.0455403327941895,57.34028244018555,4.063310146331787,8.543540954589844,61.34598159790039,2.6711673736572266,6.865945816040039,89.16517639160156,0.22272181510925293,0.2517155706882477,0.15834133327007294
