celula,preditor,populacao,mu_U_dB,T_inf_dB,T_sup_dB,fracao_nos_so_cotas
bauru_Q1,constante,todos,3.288584570554881,0.02068804517638201,0.04635211663231642,0.030975231481481482
bauru_Q1,constante,validos,20.280353889517066,0.6077902225083669,0.6523166814085393,0.03304189681491323
bauru_Q1,fspl_calibrado_b,todos,6.146776404485853,-0.08693550946813478,-0.073530128836226,0.030975231481481482
bauru_Q1,fspl_calibrado_b,validos,4.898034631687953,-0.4866557612771043,-0.46182029820677073,0.03304189681491323
campinas_Q1,constante,todos,2.543892353597888,0.049439017299897525,0.07003077069639518,0.031691743827160494
campinas_Q1,constante,validos,18.24934387110465,0.39205291079387194,0.4371417574110694,0.03111132268372729
campinas_Q1,fspl_calibrado_b,todos,3.4277636592511933,-0.052274629622008906,-0.0403561902893137,0.031691743827160494
campinas_Q1,fspl_calibrado_b,validos,5.947945989961559,-0.24274637765814155,-0.2201844023356614,0.03111132268372729
lins_Q1,constante,todos,1.7400471079026338,0.03889804050239887,0.053133662315667296,0.030813657407407408
lins_Q1,constante,validos,20.365892783949807,0.2218989898247834,0.24365398227304524,0.029951422071664863
lins_Q1,fspl_calibrado_b,todos,6.7763863131250055,-0.05442558961102151,-0.04230880732483655,0.030813657407407408
lins_Q1,fspl_calibrado_b,validos,2.5912979205092346,0.036449001864991004,0.04296805031335316,0.029951422071664863
sorocaba_Q1,constante,todos,2.0014325706137406,0.008120668921197893,0.023535942720722236,0.03143958333333333
sorocaba_Q1,constante,validos,15.682647717760872,0.18038741338823705,0.2168792584491701,0.03133498512061312
sorocaba_Q1,fspl_calibrado_b,todos,2.946066628934382,0.019615697184213854,0.029400386759868002,0.03143958333333333
sorocaba_Q1,fspl_calibrado_b,validos,6.653517851507163,0.13400943840337742,0.16132891768962399,0.03133498512061312
